,State,Category,Sales,Year
0,NUEVO LEON,Support,2100.0,2013
1,QUERETARO,Development,4200.0,2013
2,CIUDAD DE MEXICO,Support,3800.0,2013
3,GUANAJUATO,Support,1200.0,2013
4,COAHUILA,Support,1200.0,2013
5,JALISCO,Support,1200.0,2013
6,CIUDAD DE MEXICO,Support,2100.0,2013
7,QUERETARO,Support,2100.0,2013
8,CIUDAD DE MEXICO,Support,1200.0,2013
9,CIUDAD DE MEXICO,Development,2800.0,2013
10,ESTADO DE MEXICO,Support,1200.0,2013
11,CIUDAD DE MEXICO,Support,1200.0,2013
12,NUEVO LEON,Support,1200.0,2013
13,QUERETARO,Support,1200.0,2013
14,CIUDAD DE MEXICO,Support,3800.0,2013
15,CIUDAD DE MEXICO,Support,1200.0,2013
16,NUEVO LEON,Support,2100.0,2013
17,CIUDAD DE MEXICO,Support,1200.0,2013
18,SAN LUIS POTOSI,Support,2100.0,2013
19,PUEBLA,Support,2100.0,2013
20,PUEBLA,Support,2100.0,2013
21,QUERETARO,Licensing,1263.5,2013
22,CIUDAD DE MEXICO,Development,5600.0,2013
23,CIUDAD DE MEXICO,Support,2100.0,2013
24,CIUDAD DE MEXICO,Support,3800.0,2013
25,COAHUILA,Maintenance,2235.0,2013
26,NUEVO LEON,Additional Users,4700.0,2013
27,QUERETARO,Support,1200.0,2013
28,QUERETARO,Licensing,8200.0,2013
29,SAN LUIS POTOSI,Support,2100.0,2013
30,CIUDAD DE MEXICO,Support,3800.0,2013
31,CIUDAD DE MEXICO,Licensing,8200.0,2013
32,CIUDAD DE MEXICO,Licensing,8200.0,2013
33,CIUDAD DE MEXICO,Additional Users,24140.23,2013
34,NUEVO LEON,Licensing,8200.0,2013
35,QUERETARO,Licensing,8200.0,2013
36,NUEVO LEON,Support,1200.0,2013
37,SAN LUIS POTOSI,Development,2100.0,2013
38,CIUDAD DE MEXICO,Development,8400.0,2013
39,CIUDAD DE MEXICO,Additional Users,34900.0,2013
40,JALISCO,Support,1200.0,2013
41,NUEVO LEON,Licensing,1900.0,2013
42,NUEVO LEON,Support,1200.0,2013
43,NUEVO LEON,Support,2100.0,2013
44,CIUDAD DE MEXICO,Support,1200.0,2013
45,JALISCO,Licensing,6400.0,2013
46,QUERETARO,Support,1200.0,2013
47,QUERETARO,Support,1200.0,2013
48,QUERETARO,Licensing,1900.0,2013
49,CIUDAD DE MEXICO,Support,2100.0,2013
50,QUERETARO,Licensing,8200.0,2013
51,CHIHUAHUA,Support,2100.0,2013
52,CIUDAD DE MEXICO,Additional Users,24140.23,2013
53,NUEVO LEON,Support,1200.0,2013
54,QUERETARO,Support,3800.0,2013
55,CIUDAD DE MEXICO,Support,1200.0,2013
56,JALISCO,Support,1200.0,2013
57,ESTADO DE MEXICO,Support,2100.0,2013
58,CIUDAD DE MEXICO,Development,3500.0,2013
59,QUERETARO,Others,8160.0,2014
60,NUEVO LEON,Support,1200.0,2014
61,JALISCO,Licensing,8200.0,2014
62,NUEVO LEON,Support,1200.0,2014
63,QUERETARO,Licensing,8200.0,2014
64,TAMAULIPAS,Support,1200.0,2014
65,CIUDAD DE MEXICO,Support,3800.0,2014
66,QUERETARO,Licensing,1900.0,2014
67,CIUDAD DE MEXICO,Licensing,1900.0,2014
68,VERACRUZ,Support,1200.0,2014
69,QUERETARO,Licensing,1900.0,2014
70,CIUDAD DE MEXICO,Support,2100.0,2014
71,CIUDAD DE MEXICO,Support,1200.0,2014
72,QUERETARO,Licensing,1900.0,2014
73,CIUDAD DE MEXICO,Support,1200.0,2014
74,PUEBLA,Support,1200.0,2014
75,CIUDAD DE MEXICO,Development,12000.0,2014
76,CIUDAD DE MEXICO,Licensing,6400.0,2014
77,NUEVO LEON,Support,1200.0,2014
78,CIUDAD DE MEXICO,Support,1200.0,2014
79,CIUDAD DE MEXICO,Support,1200.0,2014
80,GUERRERO,Support,1200.0,2014
81,CIUDAD DE MEXICO,Support,1200.0,2014
82,CIUDAD DE MEXICO,Licensing,3200.0,2014
83,CIUDAD DE MEXICO,Additional Users,3150.0,2014
84,CIUDAD DE MEXICO,Support,1050.0,2014
85,NUEVO LEON,Support,1200.0,2014
86,MORELOS,Support,1200.0,2014
87,QUERETARO,Support,1200.0,2014
88,NUEVO LEON,Support,2100.0,2014
89,CIUDAD DE MEXICO,Licensing,6400.0,2014
90,CIUDAD DE MEXICO,Others,6025.0,2014
91,SAN LUIS POTOSI,Additional Users,4700.0,2014
92,CIUDAD DE MEXICO,Support,1200.0,2014
93,MORELOS,Support,1200.0,2014
94,QUERETARO,Licensing,1900.0,2014
95,VERACRUZ,Support,1200.0,2014
96,CIUDAD DE MEXICO,Support,1200.0,2014
97,CIUDAD DE MEXICO,Licensing,10455.0,2014
98,NUEVO LEON,Support,1200.0,2014
99,ESTADO DE MEXICO,Support,1200.0,2014
100,CIUDAD DE MEXICO,Support,1200.0,2014
101,CIUDAD DE MEXICO,Licensing,8200.0,2014
102,CIUDAD DE MEXICO,Additional Users,8400.0,2014
103,CIUDAD DE MEXICO,Support,3800.0,2014
104,QUERETARO,Development,3500.0,2014
105,QUERETARO,Others,400.0,2014
106,ESTADO DE MEXICO,Development,8400.0,2014
107,CHIHUAHUA,Support,1200.0,2014
108,SAN LUIS POTOSI,Support,1200.0,2014
109,SAN LUIS POTOSI,Support,2100.0,2014
110,ESTADO DE MEXICO,Development,8400.0,2014
111,QUERETARO,Licensing,6200.0,2014
112,CIUDAD DE MEXICO,Licensing,1900.0,2014
113,QUERETARO,Additional Users,3400.0,2014
114,CIUDAD DE MEXICO,Support,3800.0,2014
115,CIUDAD DE MEXICO,Support,3800.0,2014
116,QUERETARO,Support,1200.0,2014
117,QUERETARO,Development,2100.0,2014
118,CIUDAD DE MEXICO,Support,2100.0,2014
119,NUEVO LEON,Support,3800.0,2014
120,NUEVO LEON,Licensing,8200.0,2014
121,NUEVO LEON,Support,1200.0,2014
122,QUERETARO,Licensing,6400.0,2014
123,QUERETARO,Licensing,6400.0,2014
124,CIUDAD DE MEXICO,Development,3500.0,2014
125,CIUDAD DE MEXICO,Others,31680.0,2014
126,CIUDAD DE MEXICO,Development,4200.0,2014
127,QUERETARO,Licensing,5333.33,2014
128,CIUDAD DE MEXICO,Support,1200.0,2014
129,ESTADO DE MEXICO,Support,1200.0,2014
130,GUERRERO,Support,1200.0,2014
131,CIUDAD DE MEXICO,Support,1200.0,2014
132,PUEBLA,Licensing,6400.0,2014
133,CIUDAD DE MEXICO,Maintenance,2490.0,2014
134,QUERETARO,Support,2450.0,2014
135,CIUDAD DE MEXICO,Support,1200.0,2014
136,NUEVO LEON,Support,1200.0,2014
137,PUEBLA,Additional Users,6300.0,2014
138,JALISCO,Support,1200.0,2014
139,CIUDAD DE MEXICO,Development,4200.0,2013
140,TAMAULIPAS,Licensing,6400.0,2014
141,QUERETARO,Licensing,6400.0,2014
142,CIUDAD DE MEXICO,Support,1400.0,2014
143,NUEVO LEON,Support,2400.0,2014
144,CIUDAD DE MEXICO,Development,20000.0,2014
145,CIUDAD DE MEXICO,Support,1400.0,2014
146,CIUDAD DE MEXICO,Additional Users,3400.0,2014
147,CIUDAD DE MEXICO,Development,8400.0,2014
148,CIUDAD DE MEXICO,Maintenance,9975.0,2014
149,NUEVO LEON,Support,1400.0,2014
150,ESTADO DE MEXICO,Development,3500.0,2014
151,CIUDAD DE MEXICO,Others,6260.0,2014
152,NUEVO LEON,Additional Users,4750.0,2014
153,CHIHUAHUA,Support,1400.0,2014
154,CIUDAD DE MEXICO,Support,1400.0,2014
155,JALISCO,Additional Users,4750.0,2014
156,ESTADO DE MEXICO,Support,1400.0,2014
157,QUERETARO,Support,1400.0,2014
158,NUEVO LEON,Support,1400.0,2014
159,CIUDAD DE MEXICO,Support,3800.0,2013
160,CIUDAD DE MEXICO,Others,25160.0,2014
161,GUANAJUATO,Support,1400.0,2015
162,JALISCO,Maintenance,1665.0,2015
163,JALISCO,Licensing,9500.0,2015
164,QUERETARO,Maintenance,2850.0,2015
165,ESTADO DE MEXICO,Maintenance,2850.0,2015
166,CIUDAD DE MEXICO,Support,1400.0,2015
167,CIUDAD DE MEXICO,Development,5000.0,2015
168,ESTADO DE MEXICO,Support,1400.0,2015
169,CIUDAD DE MEXICO,Others,16533.33,2015
170,NUEVO LEON,Maintenance,2850.0,2015
171,QUERETARO,Support,1400.0,2015
172,TAMAULIPAS,Sales Point,2000.0,2015
173,JALISCO,Support,1400.0,2015
174,PUEBLA,Support,2400.0,2015
175,QUERETARO,Licensing,7400.0,2015
176,CIUDAD DE MEXICO,Others,16533.33,2015
177,JALISCO,Support,1400.0,2015
178,YUCATAN,Support,1400.0,2015
179,NUEVO LEON,Support,1200.0,2013
180,CIUDAD DE MEXICO,Additional Users,9500.0,2015
181,VERACRUZ,Support,2400.0,2015
182,QUERETARO,Support,1400.0,2015
183,CIUDAD DE MEXICO,Development,16000.0,2015
184,CIUDAD DE MEXICO,Licensing,19360.0,2015
185,CIUDAD DE MEXICO,Support,2400.0,2015
186,NUEVO LEON,Support,1400.0,2015
187,PUEBLA,Support,1400.0,2015
188,JALISCO,Support,2400.0,2015
189,CIUDAD DE MEXICO,Support,2400.0,2015
190,CHIHUAHUA,Support,2400.0,2015
191,CIUDAD DE MEXICO,Development,17241.38,2015
192,QUERETARO,Licensing,7400.0,2015
193,QUERETARO,Development,3500.0,2015
194,QUERETARO,Support,1400.0,2015
195,CIUDAD DE MEXICO,Development,17241.38,2015
196,SAN LUIS POTOSI,Support,1400.0,2015
197,CIUDAD DE MEXICO,Development,12000.0,2015
198,QUERETARO,Support,1400.0,2015
199,CIUDAD DE MEXICO,Support,1200.0,2014
200,CIUDAD DE MEXICO,Support,2100.0,2014
201,JALISCO,Support,1400.0,2015
202,NUEVO LEON,Support,1400.0,2015
203,CIUDAD DE MEXICO,Support,4400.0,2015
204,CIUDAD DE MEXICO,Maintenance,2850.0,2015
205,CIUDAD DE MEXICO,Additional Users,28500.0,2015
206,CIUDAD DE MEXICO,Development,3500.0,2015
207,CIUDAD DE MEXICO,Development,8400.0,2015
208,CIUDAD DE MEXICO,Others,2400.0,2015
209,CIUDAD DE MEXICO,Support,8800.0,2015
210,CIUDAD DE MEXICO,Others,2400.0,2015
211,CIUDAD DE MEXICO,Maintenance,2850.0,2015
212,CIUDAD DE MEXICO,Maintenance,1425.0,2015
213,NUEVO LEON,Support,2400.0,2015
214,CIUDAD DE MEXICO,Support,2400.0,2015
215,CIUDAD DE MEXICO,Others,25280.0,2015
216,VERACRUZ,Support,1400.0,2015
217,QUERETARO,Support,1400.0,2015
218,QUERETARO,Support,2400.0,2015
219,QUERETARO,Others,431.03,2013
220,CIUDAD DE MEXICO,Licensing,2200.0,2015
221,CIUDAD DE MEXICO,Support,2400.0,2015
222,ESTADO DE MEXICO,Support,1400.0,2015
223,JALISCO,Support,1400.0,2015
224,CIUDAD DE MEXICO,Development,18000.0,2015
225,CIUDAD DE MEXICO,Others,4275.0,2016
226,CIUDAD DE MEXICO,Maintenance,5700.0,2016
227,CIUDAD DE MEXICO,Maintenance,4310.34,2016
228,CIUDAD DE MEXICO,Support,4400.0,2016
229,CIUDAD DE MEXICO,Support,4400.0,2016
230,CIUDAD DE MEXICO,Support,1400.0,2016
231,CIUDAD DE MEXICO,Maintenance,7125.0,2016
232,PUEBLA,Support,1400.0,2016
233,QUERETARO,Support,1400.0,2016
234,CIUDAD DE MEXICO,Additional Users,9500.0,2016
235,COAHUILA,Support,1400.0,2016
236,GUERRERO,Support,1400.0,2016
237,NUEVO LEON,Support,1400.0,2016
238,CIUDAD DE MEXICO,Support,1400.0,2016
239,NUEVO LEON,Maintenance,3562.5,2016
240,QUERETARO,Others,4497.5,2016
241,ESTADO DE MEXICO,Support,1400.0,2016
242,QUERETARO,Support,1400.0,2016
243,QUERETARO,Licensing,9500.0,2016
244,CIUDAD DE MEXICO,Maintenance,5700.0,2016
245,CIUDAD DE MEXICO,Others,1600.0,2016
246,CIUDAD DE MEXICO,Support,2400.0,2016
247,CIUDAD DE MEXICO,Licensing,7400.0,2016
248,CIUDAD DE MEXICO,Maintenance,8550.0,2016
249,CIUDAD DE MEXICO,Support,4050.0,2016
250,QUERETARO,Maintenance,1665.0,2016
251,QUERETARO,Maintenance,1320.0,2016
252,CIUDAD DE MEXICO,Maintenance,7837.5,2016
253,QUERETARO,Development,10181.9,2016
254,CIUDAD DE MEXICO,Support,2400.0,2016
255,CIUDAD DE MEXICO,Support,1400.0,2016
256,CIUDAD DE MEXICO,Licensing,7400.0,2016
257,CIUDAD DE MEXICO,Support,1400.0,2016
258,QUERETARO,Support,1200.0,2014
259,CIUDAD DE MEXICO,Maintenance,11400.0,2016
260,CIUDAD DE MEXICO,Licensing,2200.0,2016
261,JALISCO,Support,1400.0,2016
262,JALISCO,Support,1400.0,2016
263,ESTADO DE MEXICO,Support,1400.0,2016
264,QUERETARO,Support,1400.0,2016
265,CIUDAD DE MEXICO,Others,4800.0,2016
266,CIUDAD DE MEXICO,Support,1400.0,2016
267,CIUDAD DE MEXICO,Support,1400.0,2016
268,CIUDAD DE MEXICO,Others,4000.0,2016
269,PUEBLA,Support,1400.0,2016
270,QUERETARO,Support,2400.0,2016
271,QUERETARO,Support,1400.0,2016
272,JALISCO,Maintenance,1425.0,2016
273,CIUDAD DE MEXICO,Support,1400.0,2016
274,QUERETARO,Maintenance,2850.0,2016
275,JALISCO,Support,1400.0,2016
276,CIUDAD DE MEXICO,Maintenance,4275.0,2016
277,MORELOS,Support,1400.0,2016
278,QUERETARO,Others,1293.1,2013
279,CIUDAD DE MEXICO,Others,5000.0,2016
280,NUEVO LEON,Maintenance,1425.0,2016
281,MORELOS,Licensing,7400.0,2016
282,NUEVO LEON,Licensing,9500.0,2016
283,QUERETARO,Others,2400.0,2016
284,QUERETARO,Others,1650.0,2016
285,ESTADO DE MEXICO,Maintenance,990.0,2016
286,TAMAULIPAS,Support,1400.0,2016
287,CIUDAD DE MEXICO,Support,2400.0,2016
288,QUERETARO,Others,2500.0,2016
289,JALISCO,Support,1400.0,2016
290,CIUDAD DE MEXICO,Development,3500.0,2016
291,CIUDAD DE MEXICO,Development,3500.0,2016
292,QUERETARO,Support,1400.0,2016
293,NUEVO LEON,Support,1400.0,2016
294,CIUDAD DE MEXICO,Maintenance,1100.0,2016
295,CIUDAD DE MEXICO,Others,2400.0,2016
296,QUERETARO,Support,2400.0,2016
297,CIUDAD DE MEXICO,Support,2880.0,2018
298,CIUDAD DE MEXICO,Support,1680.0,2018
299,CIUDAD DE MEXICO,Others,1000.0,2018
300,NUEVO LEON,Support,2880.0,2018
301,CIUDAD DE MEXICO,Support,2880.0,2018
302,QUERETARO,Training,1600.0,2018
303,CIUDAD DE MEXICO,Support,2880.0,2018
304,NUEVO LEON,Support,1680.0,2018
305,CHIHUAHUA,Development,3200.0,2018
306,CIUDAD DE MEXICO,Maintenance,3187.5,2018
307,CIUDAD DE MEXICO,Support,1680.0,2018
308,QUERETARO,Additional Users,11000.0,2018
309,QUERETARO,Support,1680.0,2018
310,SAN LUIS POTOSI,Support,2880.0,2018
311,SAN LUIS POTOSI,Support,2880.0,2018
312,CIUDAD DE MEXICO,Maintenance,12375.0,2018
313,QUERETARO,Maintenance,3825.0,2018
314,CIUDAD DE MEXICO,Others,3200.0,2018
315,CIUDAD DE MEXICO,Support,2592.0,2018
316,CIUDAD DE MEXICO,Others,1000.0,2018
317,CIUDAD DE MEXICO,Licensing,8200.0,2013
318,CIUDAD DE MEXICO,Additional Users,8400.0,2013
319,CIUDAD DE MEXICO,Development,13000.0,2013
320,CIUDAD DE MEXICO,Development,10000.0,2013
321,CIUDAD DE MEXICO,Support,1200.0,2013
322,CIUDAD DE MEXICO,Maintenance,2850.0,2016
323,QUERETARO,Support,2400.0,2016
324,CIUDAD DE MEXICO,Others,5260.0,2016
325,ESTADO DE MEXICO,Support,1400.0,2016
326,QUERETARO,Development,5000.0,2016
327,MORELOS,Support,1400.0,2016
328,QUERETARO,Support,2400.0,2016
329,JALISCO,Support,4400.0,2016
330,CIUDAD DE MEXICO,Support,1400.0,2016
331,CIUDAD DE MEXICO,Support,1400.0,2016
332,CIUDAD DE MEXICO,Maintenance,24225.0,2016
333,NUEVO LEON,Support,2400.0,2016
334,NUEVO LEON,Support,2400.0,2016
335,CIUDAD DE MEXICO,Support,2400.0,2016
336,CIUDAD DE MEXICO,Maintenance,7125.0,2017
337,CIUDAD DE MEXICO,Licensing,1900.0,2013
338,CIUDAD DE MEXICO,Support,1200.0,2013
339,JALISCO,Maintenance,1425.0,2016
340,ESTADO DE MEXICO,Licensing,7400.0,2016
341,CIUDAD DE MEXICO,Maintenance,7125.0,2016
342,CIUDAD DE MEXICO,Maintenance,24225.0,2016
343,ESTADO DE MEXICO,Maintenance,8550.0,2016
344,COAHUILA,Maintenance,990.0,2016
345,CIUDAD DE MEXICO,Maintenance,8100.0,2016
346,QUERETARO,Maintenance,990.0,2017
347,CIUDAD DE MEXICO,Maintenance,3963.79,2017
348,QUERETARO,Others,3000.0,2017
349,TAMAULIPAS,Maintenance,7980.0,2017
350,CIUDAD DE MEXICO,Maintenance,3654.0,2017
351,QUERETARO,Support,1400.0,2017
352,CIUDAD DE MEXICO,Support,2600.0,2017
353,CIUDAD DE MEXICO,Support,2600.0,2017
354,QUERETARO,Additional Users,3700.0,2017
355,NUEVO LEON,Others,4000.0,2017
356,NUEVO LEON,Licensing,8200.0,2013
357,NUEVO LEON,Additional Users,8400.0,2013
358,CIUDAD DE MEXICO,Development,10000.0,2015
359,QUERETARO,Maintenance,5700.0,2017
360,QUERETARO,Support,1400.0,2017
361,QUERETARO,Maintenance,1000.0,2017
362,QUERETARO,Maintenance,1000.0,2017
363,CIUDAD DE MEXICO,Maintenance,4995.0,2017
364,CIUDAD DE MEXICO,Maintenance,11400.0,2017
365,SONORA,Maintenance,6660.0,2017
366,QUERETARO,Maintenance,2220.0,2017
367,AGUASCALIENTES,Licensing,9500.0,2017
368,CIUDAD DE MEXICO,Maintenance,4275.0,2017
369,NUEVO LEON,Maintenance,7125.0,2017
370,CIUDAD DE MEXICO,Maintenance,3330.0,2017
371,QUERETARO,Licensing,2200.0,2017
372,JALISCO,Support,2400.0,2017
373,CIUDAD DE MEXICO,Support,2600.0,2017
374,QUERETARO,Additional Users,4750.0,2017
375,JALISCO,Support,1200.0,2013
376,CIUDAD DE MEXICO,Support,1400.0,2017
377,GUERRERO,Maintenance,3330.0,2017
378,CIUDAD DE MEXICO,Maintenance,12112.5,2017
379,CIUDAD DE MEXICO,Support,1400.0,2017
380,QUERETARO,Others,1200.0,2017
381,CIUDAD DE MEXICO,Support,1400.0,2017
382,CIUDAD DE MEXICO,Support,8800.0,2017
383,QUERETARO,Support,1400.0,2017
384,CIUDAD DE MEXICO,Maintenance,4275.0,2017
385,CIUDAD DE MEXICO,Maintenance,2010.0,2017
386,CIUDAD DE MEXICO,Support,2400.0,2017
387,CIUDAD DE MEXICO,Others,1500.0,2017
388,CIUDAD DE MEXICO,Development,7200.0,2017
389,JALISCO,Maintenance,1815.0,2017
390,QUERETARO,Training,1800.0,2017
391,CIUDAD DE MEXICO,Others,3200.0,2017
392,CIUDAD DE MEXICO,Support,1400.0,2017
393,QUERETARO,Support,1400.0,2017
394,NUEVO LEON,Support,2400.0,2017
395,QUERETARO,Others,400.0,2013
396,QUERETARO,Others,600.0,2013
397,QUERETARO,Others,1200.0,2013
398,ESTADO DE MEXICO,Maintenance,2850.0,2016
399,CIUDAD DE MEXICO,Maintenance,4607.76,2016
400,CIUDAD DE MEXICO,Support,1400.0,2016
401,CIUDAD DE MEXICO,Maintenance,5700.0,2017
402,QUERETARO,Maintenance,1500.0,2017
403,NUEVO LEON,Maintenance,1653.0,2017
404,NUEVO LEON,Support,1400.0,2017
405,QUERETARO,Licensing,2400.0,2017
406,QUERETARO,Support,1400.0,2017
407,QUERETARO,Support,1400.0,2017
408,CIUDAD DE MEXICO,Maintenance,1110.0,2017
409,CIUDAD DE MEXICO,Maintenance,3630.0,2017
410,CIUDAD DE MEXICO,Maintenance,2350.0,2017
411,CIUDAD DE MEXICO,Development,26400.0,2017
412,JALISCO,Others,2400.0,2017
413,QUERETARO,Support,1400.0,2017
414,CIUDAD DE MEXICO,Licensing,2200.0,2017
415,CIUDAD DE MEXICO,Support,1400.0,2017
416,QUERETARO,Maintenance,3306.0,2017
417,QUERETARO,Others,3600.0,2017
418,QUERETARO,Additional Users,7400.0,2017
419,QUERETARO,Support,1400.0,2017
420,CIUDAD DE MEXICO,Additional Users,28500.0,2017
421,CIUDAD DE MEXICO,Support,1980.0,2017
422,SAN LUIS POTOSI,Support,1400.0,2017
423,CIUDAD DE MEXICO,Support,2800.0,2017
424,CIUDAD DE MEXICO,Support,1400.0,2017
425,CIUDAD DE MEXICO,Support,4400.0,2017
426,CIUDAD DE MEXICO,Maintenance,3219.0,2017
427,CIUDAD DE MEXICO,Maintenance,2850.0,2017
428,QUERETARO,Support,1400.0,2017
429,QUERETARO,Support,4400.0,2017
430,NUEVO LEON,Additional Users,4750.0,2017
431,QUERETARO,Development,8400.0,2014
432,CIUDAD DE MEXICO,Maintenance,4959.0,2017
433,CIUDAD DE MEXICO,Maintenance,4959.0,2017
434,NUEVO LEON,Maintenance,3562.5,2017
435,NUEVO LEON,Support,1400.0,2017
436,CIUDAD DE MEXICO,Additional Users,23750.0,2017
437,PUEBLA,Maintenance,5700.0,2017
438,CIUDAD DE MEXICO,Support,1400.0,2017
439,CIUDAD DE MEXICO,Support,1400.0,2017
440,CIUDAD DE MEXICO,Maintenance,2850.0,2017
441,QUERETARO,Maintenance,1500.0,2017
442,NUEVO LEON,Support,1400.0,2017
443,QUERETARO,Maintenance,2850.0,2017
444,CIUDAD DE MEXICO,Maintenance,2850.0,2017
445,CIUDAD DE MEXICO,Support,1400.0,2017
446,NUEVO LEON,Maintenance,4132.5,2017
447,NUEVO LEON,Support,1400.0,2017
448,QUERETARO,Maintenance,3330.0,2017
449,NUEVO LEON,Maintenance,3562.5,2017
450,QUERETARO,Licensing,8200.0,2013
451,TAMAULIPAS,Additional Users,3400.0,2014
452,PUEBLA,Support,1400.0,2014
453,QUERETARO,Maintenance,3562.5,2017
454,CIUDAD DE MEXICO,Maintenance,4132.5,2017
455,CIUDAD DE MEXICO,Maintenance,3306.0,2017
456,CIUDAD DE MEXICO,Support,2400.0,2017
457,QUERETARO,Maintenance,1653.0,2017
458,QUERETARO,Maintenance,1100.0,2017
459,NUEVO LEON,Maintenance,1425.0,2017
460,QUERETARO,Additional Users,7400.0,2017
461,QUERETARO,Maintenance,500.0,2017
462,QUERETARO,Support,1400.0,2017
463,CIUDAD DE MEXICO,Maintenance,5700.0,2017
464,QUERETARO,Maintenance,1425.0,2017
465,QUERETARO,Support,1400.0,2017
466,QUERETARO,Maintenance,1200.0,2017
467,QUERETARO,Support,1400.0,2017
468,ESTADO DE MEXICO,Support,1400.0,2017
469,CIUDAD DE MEXICO,Additional Users,4700.0,2013
470,CIUDAD DE MEXICO,Support,3800.0,2013
471,QUERETARO,Maintenance,1425.0,2015
472,CIUDAD DE MEXICO,Others,16533.33,2015
473,CIUDAD DE MEXICO,Others,16533.33,2015
474,GUANAJUATO,Support,1400.0,2015
475,CIUDAD DE MEXICO,Support,1400.0,2015
476,SONORA,Maintenance,1665.0,2017
477,ESTADO DE MEXICO,Maintenance,2876.22,2017
478,NUEVO LEON,Support,4400.0,2017
479,CHIHUAHUA,Maintenance,2850.0,2017
480,CHIHUAHUA,Maintenance,1425.0,2017
481,QUERETARO,Support,1400.0,2017
482,JALISCO,Support,2400.0,2017
483,QUERETARO,Support,1400.0,2017
484,SONORA,Support,1400.0,2017
485,JALISCO,Support,2400.0,2017
486,JALISCO,Maintenance,3330.0,2017
487,CIUDAD DE MEXICO,Maintenance,1425.0,2017
488,CIUDAD DE MEXICO,Support,2400.0,2017
489,CIUDAD DE MEXICO,Licensing,1900.0,2013
490,CIUDAD DE MEXICO,Support,2100.0,2013
491,CIUDAD DE MEXICO,Development,36000.0,2015
492,CIUDAD DE MEXICO,Others,5000.0,2015
493,CIUDAD DE MEXICO,Licensing,9500.0,2015
494,CIUDAD DE MEXICO,Support,4400.0,2015
495,CIUDAD DE MEXICO,Maintenance,3219.0,2017
496,QUERETARO,Support,1400.0,2017
497,QUERETARO,Maintenance,1110.0,2017
498,QUERETARO,Maintenance,2775.0,2017
499,MORELOS,Maintenance,1110.0,2017
500,ESTADO DE MEXICO,Support,1400.0,2017
501,ESTADO DE MEXICO,Maintenance,1425.0,2017
502,QUERETARO,Maintenance,1200.0,2017
503,NUEVO LEON,Support,1400.0,2017
504,CIUDAD DE MEXICO,Others,10000.0,2017
505,CIUDAD DE MEXICO,Support,8800.0,2017
506,QUERETARO,Maintenance,2850.0,2017
507,QUERETARO,Maintenance,2850.0,2017
508,QUERETARO,Maintenance,330.0,2017
509,CIUDAD DE MEXICO,Development,12706.9,2013
510,CIUDAD DE MEXICO,Others,3500.0,2015
511,CIUDAD DE MEXICO,Support,1400.0,2015
512,CIUDAD DE MEXICO,Licensing,7400.0,2017
513,CIUDAD DE MEXICO,Support,1400.0,2017
514,CIUDAD DE MEXICO,Maintenance,10575.0,2017
515,CIUDAD DE MEXICO,Maintenance,14850.0,2017
516,NUEVO LEON,Maintenance,712.5,2017
517,QUERETARO,Maintenance,1425.0,2017
518,QUERETARO,Maintenance,1425.0,2017
519,CHIHUAHUA,Support,1400.0,2017
520,CIUDAD DE MEXICO,Support,2400.0,2017
521,QUERETARO,Support,2400.0,2017
522,QUERETARO,Support,1400.0,2017
523,SONORA,Support,1400.0,2017
524,NUEVO LEON,Maintenance,4275.0,2017
525,CIUDAD DE MEXICO,Support,2400.0,2017
526,QUERETARO,Maintenance,14550.0,2017
527,QUERETARO,Maintenance,1200.0,2017
528,CIUDAD DE MEXICO,Sales Point,2000.0,2013
529,CIUDAD DE MEXICO,Others,18000.0,2015
530,CIUDAD DE MEXICO,Others,4000.0,2015
531,CIUDAD DE MEXICO,Development,8000.0,2015
532,CIUDAD DE MEXICO,Others,4000.0,2015
533,CIUDAD DE MEXICO,Support,1400.0,2016
534,CIUDAD DE MEXICO,Additional Users,4750.0,2016
535,CIUDAD DE MEXICO,Others,6500.0,2016
536,CIUDAD DE MEXICO,Others,2000.0,2016
537,COAHUILA,Maintenance,2220.0,2016
538,CIUDAD DE MEXICO,Support,1400.0,2017
539,JALISCO,Maintenance,2850.0,2017
540,CIUDAD DE MEXICO,Support,1400.0,2017
541,NUEVO LEON,Maintenance,1100.0,2017
542,QUERETARO,Maintenance,2850.0,2017
543,TAMAULIPAS,Support,1400.0,2017
544,QUERETARO,Maintenance,1425.0,2018
545,QUERETARO,Support,1400.0,2018
546,QUERETARO,Maintenance,2850.0,2018
547,QUERETARO,Maintenance,330.0,2018
548,GUANAJUATO,Support,1200.0,2013
549,CIUDAD DE MEXICO,Maintenance,3330.0,2016
550,QUERETARO,Maintenance,2850.0,2016
551,QUERETARO,Development,2400.0,2016
552,QUERETARO,Maintenance,4275.0,2016
553,CIUDAD DE MEXICO,Additional Users,9500.0,2016
554,CIUDAD DE MEXICO,Others,5000.0,2016
555,NUEVO LEON,Development,3500.0,2018
556,QUERETARO,Additional Users,2137.5,2018
557,JALISCO,Support,2400.0,2018
558,QUERETARO,Maintenance,1650.0,2018
559,NUEVO LEON,Support,1400.0,2018
560,QUERETARO,Maintenance,1650.0,2018
561,QUERETARO,Support,2400.0,2018
562,ESTADO DE MEXICO,Maintenance,3645.0,2018
563,ESTADO DE MEXICO,Support,1400.0,2018
564,ESTADO DE MEXICO,Maintenance,3645.0,2018
565,QUERETARO,Maintenance,1400.0,2018
566,QUERETARO,Support,1400.0,2018
567,QUERETARO,Training,35200.0,2018
568,CIUDAD DE MEXICO,Development,12000.0,2014
569,CIUDAD DE MEXICO,Support,1200.0,2014
570,QUERETARO,Licensing,12800.0,2014
571,QUERETARO,Sales Point,2000.0,2016
572,ESTADO DE MEXICO,Support,1400.0,2016
573,CIUDAD DE MEXICO,Licensing,7400.0,2016
574,CIUDAD DE MEXICO,Sales Point,6000.0,2016
575,CIUDAD DE MEXICO,Support,1400.0,2016
576,CIUDAD DE MEXICO,Others,4000.0,2016
577,CIUDAD DE MEXICO,Maintenance,1080.0,2016
578,QUERETARO,Maintenance,1425.0,2016
579,NUEVO LEON,Maintenance,1425.0,2017
580,TAMAULIPAS,Maintenance,4987.5,2017
581,JALISCO,Development,3500.0,2018
582,PUEBLA,Support,1400.0,2018
583,JALISCO,Support,2400.0,2018
584,QUERETARO,Support,1400.0,2018
585,CIUDAD DE MEXICO,Maintenance,4959.0,2018
586,CIUDAD DE MEXICO,Support,1400.0,2018
587,CIUDAD DE MEXICO,Development,2400.0,2018
588,CIUDAD DE MEXICO,Licensing,8200.0,2013
589,CIUDAD DE MEXICO,Sales Point,2000.0,2013
590,CIUDAD DE MEXICO,Support,2100.0,2013
591,QUERETARO,Development,2400.0,2015
592,QUERETARO,Licensing,2200.0,2016
593,QUERETARO,Licensing,2200.0,2018
594,CIUDAD DE MEXICO,Maintenance,14362.5,2018
595,ESTADO DE MEXICO,Support,1400.0,2018
596,CIUDAD DE MEXICO,Maintenance,1425.0,2018
597,CIUDAD DE MEXICO,Additional Users,9500.0,2018
598,CIUDAD DE MEXICO,Licensing,14380.0,2018
599,CIUDAD DE MEXICO,Support,2400.0,2018
600,CIUDAD DE MEXICO,Others,1600.0,2018
601,CIUDAD DE MEXICO,Development,2400.0,2018
602,QUERETARO,Additional Users,3700.0,2018
603,SAN LUIS POTOSI,Support,2400.0,2018
604,QUERETARO,Development,2400.0,2018
605,CIUDAD DE MEXICO,Maintenance,5700.0,2018
606,CIUDAD DE MEXICO,Maintenance,1665.0,2018
607,CIUDAD DE MEXICO,Maintenance,3450.0,2018
608,NUEVO LEON,Additional Users,8400.0,2013
609,NUEVO LEON,Support,1200.0,2013
610,CIUDAD DE MEXICO,Development,3757.93,2014
611,CIUDAD DE MEXICO,Licensing,8200.0,2014
612,CIUDAD DE MEXICO,Additional Users,34900.0,2014
613,CIUDAD DE MEXICO,Support,6000.0,2014
614,CIUDAD DE MEXICO,Additional Users,1785.0,2014
615,CIUDAD DE MEXICO,Support,1900.0,2014
616,NUEVO LEON,Development,3500.0,2014
617,CIUDAD DE MEXICO,Support,7600.0,2014
618,PUEBLA,Support,2400.0,2015
619,QUERETARO,Maintenance,3652.0,2017
620,QUERETARO,Maintenance,2137.5,2017
621,QUERETARO,Support,1400.0,2017
622,CIUDAD DE MEXICO,Additional Users,9500.0,2018
623,CIUDAD DE MEXICO,Licensing,8405.17,2018
624,NUEVO LEON,Additional Users,4750.0,2018
625,QUERETARO,Maintenance,1100.0,2018
626,QUERETARO,Maintenance,1100.0,2018
627,CIUDAD DE MEXICO,Support,3800.0,2013
628,CIUDAD DE MEXICO,Development,5775.0,2013
629,NUEVO LEON,Training,1800.0,2013
630,CIUDAD DE MEXICO,Licensing,8200.0,2013
631,CIUDAD DE MEXICO,Additional Users,4700.0,2013
632,CIUDAD DE MEXICO,Support,3800.0,2013
633,QUERETARO,Maintenance,4275.0,2016
634,NUEVO LEON,Maintenance,3330.0,2016
635,CIUDAD DE MEXICO,Maintenance,1100.0,2018
636,ESTADO DE MEXICO,Others,1400.0,2018
637,CIUDAD DE MEXICO,Others,8800.0,2018
638,CIUDAD DE MEXICO,Licensing,9500.0,2018
639,CIUDAD DE MEXICO,Additional Users,4750.0,2018
640,CIUDAD DE MEXICO,Support,2400.0,2018
641,QUERETARO,Maintenance,2850.0,2018
642,QUERETARO,Maintenance,1425.0,2018
643,SAN LUIS POTOSI,Support,2400.0,2018
644,QUERETARO,Training,800.0,2018
645,CIUDAD DE MEXICO,Support,2880.0,2018
646,ESTADO DE MEXICO,Support,1680.0,2018
647,NUEVO LEON,Support,2100.0,2013
648,QUERETARO,Support,3800.0,2014
649,CIUDAD DE MEXICO,Support,1200.0,2014
650,CIUDAD DE MEXICO,Others,31680.0,2014
651,CIUDAD DE MEXICO,Others,5700.0,2014
652,NUEVO LEON,Maintenance,7125.0,2017
653,NUEVO LEON,Maintenance,7125.0,2017
654,QUERETARO,Maintenance,990.0,2017
655,TAMAULIPAS,Maintenance,7980.0,2017
656,SAN LUIS POTOSI,Licensing,7400.0,2018
657,SAN LUIS POTOSI,Additional Users,7400.0,2018
658,SAN LUIS POTOSI,Support,2400.0,2018
659,QUERETARO,Licensing,7400.0,2018
660,QUERETARO,Sales Point,1000.0,2018
661,ESTADO DE MEXICO,Maintenance,1650.0,2018
662,QUERETARO,Licensing,9500.0,2018
663,CIUDAD DE MEXICO,Additional Users,5500.0,2018
664,CIUDAD DE MEXICO,Support,1680.0,2018
665,CIUDAD DE MEXICO,Others,2400.0,2018
666,ESTADO DE MEXICO,Licensing,6400.0,2013
667,JALISCO,Maintenance,1665.0,2016
668,CIUDAD DE MEXICO,Development,2400.0,2016
669,CIUDAD DE MEXICO,Development,2400.0,2016
670,CIUDAD DE MEXICO,Others,4800.0,2016
671,CIUDAD DE MEXICO,Licensing,9500.0,2016
672,TAMAULIPAS,Support,1400.0,2016
673,NUEVO LEON,Maintenance,4275.0,2017
674,QUERETARO,Maintenance,1320.0,2017
675,CIUDAD DE MEXICO,Support,1400.0,2017
676,CIUDAD DE MEXICO,Maintenance,1500.0,2017
677,CIUDAD DE MEXICO,Maintenance,1500.0,2017
678,CIUDAD DE MEXICO,Support,1400.0,2017
679,NUEVO LEON,Licensing,2500.0,2018
680,NUEVO LEON,Support,1680.0,2018
681,NUEVO LEON,Development,3500.0,2018
682,ESTADO DE MEXICO,Support,1680.0,2018
683,CIUDAD DE MEXICO,Support,2880.0,2018
684,QUERETARO,Maintenance,1200.0,2018
685,QUERETARO,Additional Users,4700.0,2014
686,QUERETARO,Support,1200.0,2014
687,CIUDAD DE MEXICO,Additional Users,24140.23,2014
688,ESTADO DE MEXICO,Support,1200.0,2014
689,CIUDAD DE MEXICO,Development,3500.0,2014
690,CIUDAD DE MEXICO,Additional Users,4750.0,2016
691,CIUDAD DE MEXICO,Others,7000.0,2016
692,QUERETARO,Maintenance,1653.0,2016
693,JALISCO,Support,4400.0,2017
694,CIUDAD DE MEXICO,Additional Users,22725.0,2018
695,CIUDAD DE MEXICO,Additional Users,22717.34,2018
696,CIUDAD DE MEXICO,Others,5000.0,2018
697,CIUDAD DE MEXICO,Maintenance,3219.0,2018
698,CIUDAD DE MEXICO,Support,1512.0,2018
699,CIUDAD DE MEXICO,Maintenance,2475.0,2018
700,CIUDAD DE MEXICO,Support,1680.0,2018
701,CIUDAD DE MEXICO,Others,500.0,2018
702,CIUDAD DE MEXICO,Additional Users,22717.34,2018
703,NUEVO LEON,Maintenance,6600.0,2018
704,QUERETARO,Maintenance,3825.0,2018
705,GUANAJUATO,Maintenance,1230.0,2013
706,VERACRUZ,Support,1200.0,2013
707,CIUDAD DE MEXICO,Development,12706.9,2013
708,PUEBLA,Support,1200.0,2014
709,CIUDAD DE MEXICO,Support,2400.0,2016
710,CIUDAD DE MEXICO,Maintenance,1320.0,2016
711,CHIHUAHUA,Support,2400.0,2016
712,QUERETARO,Maintenance,990.0,2016
713,CIUDAD DE MEXICO,Maintenance,2137.0,2017
714,CIUDAD DE MEXICO,Support,2400.0,2017
715,CIUDAD DE MEXICO,Development,5600.0,2017
716,CIUDAD DE MEXICO,Others,2500.0,2017
717,CIUDAD DE MEXICO,Others,2400.0,2017
718,CIUDAD DE MEXICO,Others,3000.0,2018
719,CIUDAD DE MEXICO,Support,2880.0,2018
720,CIUDAD DE MEXICO,Support,1680.0,2018
721,CIUDAD DE MEXICO,Others,1000.0,2018
722,SONORA,Maintenance,1912.5,2018
723,SONORA,Support,2880.0,2018
724,JALISCO,Additional Users,3400.0,2013
725,JALISCO,Support,2100.0,2013
726,NUEVO LEON,Support,1200.0,2013
727,JALISCO,Support,1200.0,2013
728,NUEVO LEON,Support,3800.0,2013
729,QUERETARO,Support,1200.0,2013
730,QUERETARO,Licensing,6400.0,2013
731,ESTADO DE MEXICO,Support,2100.0,2013
732,JALISCO,Support,1200.0,2014
733,CIUDAD DE MEXICO,Development,2800.0,2014
734,MORELOS,Support,2100.0,2014
735,SAN LUIS POTOSI,Maintenance,720.0,2017
736,CIUDAD DE MEXICO,Others,5000.0,2017
737,CIUDAD DE MEXICO,Maintenance,3306.0,2017
738,NUEVO LEON,Maintenance,1425.0,2017
739,QUERETARO,Maintenance,2850.0,2017
740,QUERETARO,Support,1400.0,2017
741,JALISCO,Support,1680.0,2018
742,ESTADO DE MEXICO,Support,1680.0,2018
743,NUEVO LEON,Maintenance,2475.0,2018
744,QUERETARO,Maintenance,3187.5,2018
745,NUEVO LEON,Additional Users,5500.0,2018
746,CIUDAD DE MEXICO,Maintenance,5550.0,2018
747,ESTADO DE MEXICO,Support,1680.0,2018
748,QUERETARO,Support,1680.0,2018
749,ESTADO DE MEXICO,Support,1680.0,2018
750,SONORA,Others,3187.5,2018
751,CIUDAD DE MEXICO,Others,4200.0,2018
752,CIUDAD DE MEXICO,Support,2592.0,2018
753,CIUDAD DE MEXICO,Development,3200.0,2018
754,CIUDAD DE MEXICO,Support,1680.0,2018
755,QUERETARO,Maintenance,1650.0,2018
756,NUEVO LEON,Support,1680.0,2018
757,JALISCO,Support,1680.0,2018
758,CIUDAD DE MEXICO,Support,2880.0,2018
759,QUERETARO,Maintenance,4950.0,2018
760,QUERETARO,Maintenance,2475.0,2018
761,QUERETARO,Support,2880.0,2018
762,CIUDAD DE MEXICO,Support,2880.0,2018
763,TAMAULIPAS,Support,1680.0,2018
764,QUERETARO,Development,2400.0,2018
765,TAMAULIPAS,Maintenance,6075.0,2018
766,CIUDAD DE MEXICO,Support,2592.0,2018
767,CIUDAD DE MEXICO,Support,5280.0,2018
768,CIUDAD DE MEXICO,Development,3200.0,2018
769,CIUDAD DE MEXICO,Others,2400.0,2018
770,QUERETARO,Maintenance,1650.0,2018
771,CIUDAD DE MEXICO,Maintenance,5775.0,2018
772,QUERETARO,Maintenance,1200.0,2018
773,ESTADO DE MEXICO,Support,1680.0,2018
774,CIUDAD DE MEXICO,Maintenance,1571.0,2018
775,QUERETARO,Maintenance,4950.0,2018
776,QUERETARO,Maintenance,1200.0,2018
777,ESTADO DE MEXICO,Support,1680.0,2018
778,CHIHUAHUA,Maintenance,3300.0,2018
779,PUEBLA,Maintenance,4125.0,2018
780,ESTADO DE MEXICO,Maintenance,1650.0,2018
781,QUERETARO,Maintenance,1650.0,2018
782,TAMAULIPAS,Support,1680.0,2018
783,CIUDAD DE MEXICO,Maintenance,4125.0,2018
784,CIUDAD DE MEXICO,Additional Users,8800.0,2018
785,CIUDAD DE MEXICO,Licensing,6800.0,2018
786,CIUDAD DE MEXICO,Others,2400.0,2018
787,CIUDAD DE MEXICO,Maintenance,15450.0,2018
788,CIUDAD DE MEXICO,Others,3675.0,2018
789,QUERETARO,Maintenance,1650.0,2018
790,CIUDAD DE MEXICO,Support,2880.0,2019
791,CIUDAD DE MEXICO,Support,2880.0,2019
792,NUEVO LEON,Support,1680.0,2019
793,CIUDAD DE MEXICO,Maintenance,4950.0,2018
794,JALISCO,Maintenance,4950.0,2019
795,QUERETARO,Maintenance,1650.0,2019
796,CIUDAD DE MEXICO,Maintenance,6600.0,2019
797,CIUDAD DE MEXICO,Maintenance,1650.0,2019
798,CIUDAD DE MEXICO,Maintenance,1650.0,2019
799,CIUDAD DE MEXICO,Development,3675.0,2019
800,SAN LUIS POTOSI,Support,2880.0,2019
801,QUERETARO,Support,1680.0,2019
802,JALISCO,Maintenance,1912.5,2019
803,JALISCO,Support,1680.0,2019
804,ESTADO DE MEXICO,Maintenance,1650.0,2019
805,ESTADO DE MEXICO,Maintenance,1275.0,2019
806,QUERETARO,Support,2680.0,2019
807,CIUDAD DE MEXICO,Maintenance,4950.0,2019
808,CIUDAD DE MEXICO,Support,2880.0,2019
809,CIUDAD DE MEXICO,Support,1680.0,2019
810,QUERETARO,Support,1680.0,2019
811,QUERETARO,Support,1680.0,2019
812,CIUDAD DE MEXICO,Maintenance,2475.0,2019
813,CIUDAD DE MEXICO,Support,1680.0,2019
814,CIUDAD DE MEXICO,Support,2880.0,2019
815,CIUDAD DE MEXICO,Maintenance,1650.0,2019
816,CIUDAD DE MEXICO,Maintenance,8250.0,2019
817,CIUDAD DE MEXICO,Maintenance,1650.0,2019
818,CIUDAD DE MEXICO,Support,1680.0,2019
819,CIUDAD DE MEXICO,Maintenance,1650.0,2019
820,CIUDAD DE MEXICO,Support,1680.0,2019
821,CIUDAD DE MEXICO,Maintenance,1650.0,2019
822,CIUDAD DE MEXICO,Development,18000.0,2019
823,CIUDAD DE MEXICO,Others,4000.0,2019
824,CIUDAD DE MEXICO,Maintenance,10200.0,2019
825,CIUDAD DE MEXICO,Others,5000.0,2019
826,QUERETARO,Maintenance,360.0,2019
827,QUERETARO,Licensing,1100.0,2019
828,ESTADO DE MEXICO,Support,1680.0,2019
829,ESTADO DE MEXICO,Support,1680.0,2019
830,CIUDAD DE MEXICO,Maintenance,14025.0,2019
831,CIUDAD DE MEXICO,Others,5000.0,2019
832,CIUDAD DE MEXICO,Others,1000.0,2019
833,CIUDAD DE MEXICO,Others,900.0,2019
834,MORELOS,Maintenance,2550.0,2019
835,MORELOS,Support,1680.0,2019
836,ESTADO DE MEXICO,Maintenance,1200.0,2019
837,ESTADO DE MEXICO,Support,1680.0,2019
838,QUERETARO,Others,5000.0,2019
839,CIUDAD DE MEXICO,Maintenance,1912.0,2019
840,CIUDAD DE MEXICO,Support,1680.0,2019
841,QUERETARO,Maintenance,3112.5,2019
842,CIUDAD DE MEXICO,Maintenance,4125.0,2019
843,CIUDAD DE MEXICO,Support,1680.0,2019
844,CIUDAD DE MEXICO,Support,2880.0,2019
845,CIUDAD DE MEXICO,Others,2800.0,2019
846,CIUDAD DE MEXICO,Others,8000.0,2019
847,NUEVO LEON,Support,2880.0,2019
848,TAMAULIPAS,Support,1680.0,2019
849,CIUDAD DE MEXICO,Licensing,8500.0,2019
850,CIUDAD DE MEXICO,Support,2880.0,2019
851,CIUDAD DE MEXICO,Others,1800.0,2019
852,NUEVO LEON,Maintenance,4125.0,2019
853,NUEVO LEON,Support,1680.0,2019
854,CIUDAD DE MEXICO,Maintenance,2155.17,2019
855,NUEVO LEON,Development,3800.0,2019
856,QUERETARO,Others,5000.0,2019
857,QUERETARO,Support,1680.0,2019
858,SAN LUIS POTOSI,Support,2880.0,2019
859,JALISCO,Support,1680.0,2019
860,CIUDAD DE MEXICO,Maintenance,2487.07,2019
861,QUERETARO,Maintenance,1200.0,2019
862,CIUDAD DE MEXICO,Maintenance,3300.0,2019
863,CIUDAD DE MEXICO,Maintenance,3300.0,2019
864,CIUDAD DE MEXICO,Maintenance,3300.0,2019
865,CIUDAD DE MEXICO,Others,500.0,2019
866,CIUDAD DE MEXICO,Others,900.0,2019
867,CIUDAD DE MEXICO,Others,1600.0,2019
868,CIUDAD DE MEXICO,Maintenance,3300.0,2019
869,CIUDAD DE MEXICO,Additional Users,4400.0,2019
870,CIUDAD DE MEXICO,Licensing,6800.0,2019
871,CIUDAD DE MEXICO,Others,1500.0,2019
872,CIUDAD DE MEXICO,Support,1512.0,2019
873,QUERETARO,Maintenance,1200.0,2019
874,CIUDAD DE MEXICO,Licensing,8800.0,2019
875,CIUDAD DE MEXICO,Support,2592.0,2019
876,ESTADO DE MEXICO,Maintenance,2475.0,2019
877,CIUDAD DE MEXICO,Development,4800.0,2019
878,QUERETARO,Support,1680.0,2019
879,CIUDAD DE MEXICO,Support,2592.0,2019
880,QUERETARO,Maintenance,1200.0,2019
881,QUERETARO,Maintenance,5472.0,2019
882,QUERETARO,Additional Users,5000.0,2019
883,QUERETARO,Maintenance,3300.0,2019
884,CIUDAD DE MEXICO,Others,1400.0,2019
885,CIUDAD DE MEXICO,Maintenance,3187.5,2019
886,CIUDAD DE MEXICO,Maintenance,1275.0,2019
887,CIUDAD DE MEXICO,Licensing,8800.0,2019
888,CIUDAD DE MEXICO,Support,2592.0,2019
889,CIUDAD DE MEXICO,Additional Users,8800.0,2019
890,QUERETARO,Support,2880.0,2019
891,ESTADO DE MEXICO,Support,1680.0,2019
892,SAN LUIS POTOSI,Maintenance,2550.0,2019
893,SAN LUIS POTOSI,Additional Users,4250.0,2019
894,ESTADO DE MEXICO,Maintenance,2250.0,2019
895,CIUDAD DE MEXICO,Support,1680.0,2019
896,CIUDAD DE MEXICO,Maintenance,4725.0,2019
897,CIUDAD DE MEXICO,Others,1400.0,2019
898,CIUDAD DE MEXICO,Maintenance,70400.0,2019
899,CIUDAD DE MEXICO,Maintenance,5100.0,2019
900,CIUDAD DE MEXICO,Maintenance,6600.0,2019
901,CIUDAD DE MEXICO,Others,1600.0,2019
902,NUEVO LEON,Maintenance,3300.0,2019
903,CIUDAD DE MEXICO,Maintenance,5550.0,2019
904,QUERETARO,Training,3200.0,2019
905,NUEVO LEON,Training,3000.0,2019
906,QUERETARO,Support,2880.0,2019
907,NUEVO LEON,Maintenance,3300.0,2019
908,QUERETARO,Maintenance,3187.5,2019
909,QUERETARO,Others,1680.0,2019
910,CIUDAD DE MEXICO,Support,2592.0,2019
911,CIUDAD DE MEXICO,Others,1400.0,2019
912,CIUDAD DE MEXICO,Others,3500.0,2019
913,CIUDAD DE MEXICO,Maintenance,7590.0,2019
914,CIUDAD DE MEXICO,Others,1500.0,2019
915,CIUDAD DE MEXICO,Support,1680.0,2019
916,QUERETARO,Maintenance,1200.0,2019
917,CIUDAD DE MEXICO,Maintenance,1650.0,2019
918,CIUDAD DE MEXICO,Maintenance,1650.0,2019
919,NUEVO LEON,Maintenance,4950.0,2019
920,QUERETARO,Maintenance,2475.0,2019
921,QUERETARO,Maintenance,1650.0,2019
922,QUERETARO,Maintenance,3300.0,2019
923,CIUDAD DE MEXICO,Licensing,9200.0,2019
924,CIUDAD DE MEXICO,Support,2592.0,2019
925,CIUDAD DE MEXICO,Maintenance,7200.0,2019
926,QUERETARO,Maintenance,3825.0,2019
927,SONORA,Maintenance,1912.5,2019
928,NUEVO LEON,Maintenance,4125.0,2019
929,CHIHUAHUA,Maintenance,3300.0,2019
930,CIUDAD DE MEXICO,Maintenance,7425.0,2019
931,CIUDAD DE MEXICO,Others,3500.0,2019
932,CIUDAD DE MEXICO,Support,1512.0,2019
933,CIUDAD DE MEXICO,Others,900.0,2019
934,CIUDAD DE MEXICO,Maintenance,4125.0,2019
935,CIUDAD DE MEXICO,Maintenance,5250.0,2019
936,CIUDAD DE MEXICO,Others,900.0,2019
937,CIUDAD DE MEXICO,Others,1000.0,2019
938,CIUDAD DE MEXICO,Maintenance,5775.0,2019
939,QUERETARO,Maintenance,2040.0,2019
940,CIUDAD DE MEXICO,Maintenance,1650.0,2019
941,QUERETARO,Support,1680.0,2019
942,QUERETARO,Maintenance,1650.0,2019
943,QUERETARO,Support,2880.0,2019
944,SAN LUIS POTOSI,Support,2880.0,2019
945,CIUDAD DE MEXICO,Support,1680.0,2019
946,QUERETARO,Maintenance,1200.0,2019
947,QUERETARO,Development,3500.0,2019
948,QUERETARO,Support,1200.0,2019
949,QUERETARO,Maintenance,1402.5,2019
950,PUEBLA,Maintenance,4125.0,2019
951,CIUDAD DE MEXICO,Licensing,8500.0,2019
952,CIUDAD DE MEXICO,Maintenance,1425.0,2019
953,CIUDAD DE MEXICO,Licensing,11000.0,2019
954,CIUDAD DE MEXICO,Additional Users,5500.0,2019
955,JALISCO,Maintenance,4950.0,2020
956,CIUDAD DE MEXICO,Maintenance,8250.0,2020
957,NUEVO LEON,Support,1680.0,2020
958,QUERETARO,Support,5280.0,2020
959,CIUDAD DE MEXICO,Maintenance,7920.0,2020
960,CIUDAD DE MEXICO,Maintenance,1650.0,2020
961,CIUDAD DE MEXICO,Maintenance,1200.0,2020
962,QUERETARO,Support,1680.0,2020
963,TAMAULIPAS,Support,1680.0,2020
964,ESTADO DE MEXICO,Support,1680.0,2020
965,QUERETARO,Maintenance,1650.0,2020
966,JALISCO,Maintenance,2550.0,2020
967,QUERETARO,Maintenance,1020.0,2020
968,CIUDAD DE MEXICO,Others,900.0,2020
969,CIUDAD DE MEXICO,Others,900.0,2020
970,QUERETARO,Maintenance,1200.0,2020
971,QUERETARO,Maintenance,1402.5,2020
972,CIUDAD DE MEXICO,Others,5510.0,2020
973,CIUDAD DE MEXICO,Others,1600.0,2020
974,CIUDAD DE MEXICO,Maintenance,10200.0,2020
975,ESTADO DE MEXICO,Support,1680.0,2020
976,ESTADO DE MEXICO,Maintenance,1650.0,2020
977,CIUDAD DE MEXICO,Maintenance,1650.0,2020
978,CIUDAD DE MEXICO,Maintenance,1650.0,2020
979,QUERETARO,Maintenance,1020.0,2020
980,QUERETARO,Maintenance,1650.0,2020
981,CIUDAD DE MEXICO,Others,500.0,2020
982,CIUDAD DE MEXICO,Others,900.0,2020
983,CIUDAD DE MEXICO,Support,1448.28,2020
984,QUERETARO,Maintenance,2805.0,2020
985,QUERETARO,Maintenance,2475.0,2020
986,QUERETARO,Maintenance,2475.0,2020
987,CIUDAD DE MEXICO,Maintenance,4950.0,2020
988,CIUDAD DE MEXICO,Others,900.0,2020
989,CIUDAD DE MEXICO,Others,900.0,2020
990,CIUDAD DE MEXICO,Support,1512.0,2020
991,CIUDAD DE MEXICO,Maintenance,6600.0,2020
992,CIUDAD DE MEXICO,Maintenance,1912.5,2020
993,TAMAULIPAS,Maintenance,2400.0,2020
994,CIUDAD DE MEXICO,Others,900.0,2020
995,CIUDAD DE MEXICO,Others,900.0,2020
996,CIUDAD DE MEXICO,Others,900.0,2020
997,CIUDAD DE MEXICO,Others,500.0,2020
998,CIUDAD DE MEXICO,Others,900.0,2020
999,CAMPECHE,Others,900.0,2020
1000,QUERETARO,Support,1680.0,2020
1001,CHIHUAHUA,Support,2880.0,2020
1002,CIUDAD DE MEXICO,Support,1680.0,2020
1003,CIUDAD DE MEXICO,Others,900.0,2020
1004,QUERETARO,Additional Users,5500.0,2020
1005,CIUDAD DE MEXICO,Others,231.72,2020
1006,CIUDAD DE MEXICO,Maintenance,4125.0,2020
1007,CIUDAD DE MEXICO,Others,2700.0,2020
1008,CIUDAD DE MEXICO,Maintenance,1275.0,2020
1009,CIUDAD DE MEXICO,Others,500.0,2020
1010,QUERETARO,Maintenance,1200.0,2020
1011,QUERETARO,Support,1679.31,2020
1012,QUERETARO,Maintenance,1650.0,2020
1013,QUERETARO,Maintenance,2173.91,2020
1014,QUERETARO,Maintenance,1402.5,2020
1015,QUERETARO,Maintenance,1983.27,2020
1016,QUERETARO,Maintenance,1405.17,2020
1017,QUERETARO,Maintenance,1020.0,2020
1018,NUEVO LEON,Maintenance,4950.0,2020
1019,NUEVO LEON,Support,1680.0,2020
1020,CHIHUAHUA,Support,2880.0,2020
1021,NUEVO LEON,Support,1680.0,2020
1022,QUERETARO,Maintenance,1200.0,2020
1023,SAN LUIS POTOSI,Maintenance,3187.5,2020
1024,QUERETARO,Maintenance,2040.0,2020
1025,CIUDAD DE MEXICO,Maintenance,6600.0,2020
1026,NUEVO LEON,Maintenance,1200.0,2020
1027,ESTADO DE MEXICO,Maintenance,2475.0,2020
1028,ESTADO DE MEXICO,Maintenance,2250.0,2020
1029,ESTADO DE MEXICO,Support,1680.0,2020
1030,CIUDAD DE MEXICO,Maintenance,1650.0,2020
1031,CIUDAD DE MEXICO,Maintenance,3187.5,2020
1032,QUERETARO,Maintenance,1200.0,2020
1033,CIUDAD DE MEXICO,Others,1800.0,2020
1034,CIUDAD DE MEXICO,Maintenance,1650.0,2020
1035,CIUDAD DE MEXICO,Others,2400.0,2020
1036,CIUDAD DE MEXICO,Maintenance,1650.0,2020
1037,CIUDAD DE MEXICO,Support,2880.0,2020
1038,CIUDAD DE MEXICO,Support,1680.0,2020
1039,CIUDAD DE MEXICO,Maintenance,1275.0,2020
1040,CIUDAD DE MEXICO,Support,1680.0,2020
1041,CIUDAD DE MEXICO,Others,2700.0,2020
1042,QUERETARO,Maintenance,4950.0,2020
1043,NUEVO LEON,Maintenance,3300.0,2020
1044,CIUDAD DE MEXICO,Licensing,8500.0,2020
1045,CIUDAD DE MEXICO,Additional Users,16880.0,2020
1046,CIUDAD DE MEXICO,Support,5280.0,2020
1047,CIUDAD DE MEXICO,Support,2880.0,2020
1048,CIUDAD DE MEXICO,Support,1680.0,2020
1049,CIUDAD DE MEXICO,Others,3600.0,2020
1050,CIUDAD DE MEXICO,Maintenance,5500.0,2020
1051,SAN LUIS POTOSI,Support,2880.0,2020
1052,CIUDAD DE MEXICO,Maintenance,18150.0,2020
1053,CIUDAD DE MEXICO,Development,8000.0,2020
1054,CIUDAD DE MEXICO,Licensing,8800.0,2020
1055,CIUDAD DE MEXICO,Additional Users,8800.0,2020
1056,CIUDAD DE MEXICO,Support,1512.0,2020
1057,JALISCO,Support,2880.0,2020
1058,ESTADO DE MEXICO,Support,1680.0,2020
1059,NUEVO LEON,Support,2880.0,2020
1060,QUERETARO,Maintenance,2743.52,2020
1061,CIUDAD DE MEXICO,Others,900.0,2020
1062,CIUDAD DE MEXICO,Maintenance,1650.0,2020
1063,CIUDAD DE MEXICO,Maintenance,1650.0,2020
1064,CIUDAD DE MEXICO,Others,900.0,2020
1065,CIUDAD DE MEXICO,Others,900.0,2020
1066,QUERETARO,Maintenance,1402.5,2020
1067,NUEVO LEON,Maintenance,4125.0,2020
1068,CIUDAD DE MEXICO,Additional Users,4400.0,2020
1069,CIUDAD DE MEXICO,Others,900.0,2020
1070,CIUDAD DE MEXICO,Others,900.0,2020
1071,CIUDAD DE MEXICO,Others,900.0,2020
1072,PUEBLA,Maintenance,4125.0,2020
1073,CIUDAD DE MEXICO,Maintenance,1650.0,2020
1074,CIUDAD DE MEXICO,Maintenance,3300.0,2020
1075,CIUDAD DE MEXICO,Maintenance,1912.5,2020
1076,CIUDAD DE MEXICO,Development,16000.0,2020
1077,CIUDAD DE MEXICO,Support,1680.0,2021
1078,CIUDAD DE MEXICO,Support,1512.0,2021
1079,CIUDAD DE MEXICO,Others,900.0,2020
1080,CIUDAD DE MEXICO,Maintenance,3300.0,2020
1081,CIUDAD DE MEXICO,Maintenance,6375.0,2020
1082,CIUDAD DE MEXICO,Development,28800.0,2020
1083,CIUDAD DE MEXICO,Licensing,8800.0,2020
1084,CIUDAD DE MEXICO,Support,9504.0,2020
1085,QUERETARO,Maintenance,1402.5,2020
1086,QUERETARO,Development,24000.0,2020
1087,CIUDAD DE MEXICO,Others,900.0,2020
1088,CIUDAD DE MEXICO,Others,900.0,2020
1089,CIUDAD DE MEXICO,Others,900.0,2020
1090,CIUDAD DE MEXICO,Others,1800.0,2020
1091,CIUDAD DE MEXICO,Others,900.0,2020
1092,CIUDAD DE MEXICO,Others,1800.0,2020
1093,CIUDAD DE MEXICO,Maintenance,8250.0,2020
1094,CIUDAD DE MEXICO,Maintenance,1650.0,2020
1095,QUERETARO,Support,1680.0,2021
1096,CIUDAD DE MEXICO,Support,1512.0,2021
1097,QUERETARO,Sales Point,1736.72,2021
1098,CIUDAD DE MEXICO,Maintenance,4950.0,2020
1099,QUERETARO,Development,24000.0,2021
1100,QUERETARO,Support,1680.0,2021
1101,JALISCO,Maintenance,4950.0,2021
1102,CIUDAD DE MEXICO,Others,900.0,2021
1103,TAMAULIPAS,Maintenance,6075.0,2021
1104,CIUDAD DE MEXICO,Others,900.0,2021
1105,CIUDAD DE MEXICO,Others,900.0,2021
1106,JALISCO,Maintenance,2475.0,2021
1107,CIUDAD DE MEXICO,Others,900.0,2021
1108,CIUDAD DE MEXICO,Maintenance,10200.0,2021
1109,CIUDAD DE MEXICO,Others,900.0,2021
1110,QUERETARO,Maintenance,1200.0,2021
1111,QUERETARO,Licensing,1680.0,2021
1112,CIUDAD DE MEXICO,Others,900.0,2021
1113,CIUDAD DE MEXICO,Maintenance,3600.0,2021
1114,ESTADO DE MEXICO,Support,1680.0,2021
1115,CIUDAD DE MEXICO,Support,2880.0,2021
1116,QUERETARO,Support,1680.0,2021
1117,CIUDAD DE MEXICO,Others,900.0,2021
1118,CIUDAD DE MEXICO,Others,900.0,2021
1119,CIUDAD DE MEXICO,Maintenance,14025.0,2021
1120,CIUDAD DE MEXICO,Others,6300.0,2021
1121,CIUDAD DE MEXICO,Others,900.0,2021
1122,QUERETARO,Maintenance,2475.0,2021
1123,QUERETARO,Maintenance,2475.0,2021
1124,CIUDAD DE MEXICO,Others,900.0,2021
1125,QUERETARO,Maintenance,2805.0,2021
1126,CIUDAD DE MEXICO,Others,900.0,2021
1127,CIUDAD DE MEXICO,Others,500.0,2021
1128,CHIHUAHUA,Maintenance,1650.0,2021
1129,CIUDAD DE MEXICO,Maintenance,1912.5,2021
1130,CIUDAD DE MEXICO,Others,900.0,2021
1131,CIUDAD DE MEXICO,Others,900.0,2021
1132,CIUDAD DE MEXICO,Others,900.0,2021
1133,NUEVO LEON,Support,1680.0,2021
1134,NUEVO LEON,Support,1680.0,2021
1135,NUEVO LEON,Support,1680.0,2021
1136,QUERETARO,Maintenance,1650.0,2021
1137,CIUDAD DE MEXICO,Maintenance,1650.0,2021
1138,CIUDAD DE MEXICO,Others,500.0,2021
1139,QUERETARO,Maintenance,1020.0,2021
1140,CIUDAD DE MEXICO,Others,5000.0,2021
1141,CIUDAD DE MEXICO,Additional Users,8800.0,2021
1142,CIUDAD DE MEXICO,Others,900.0,2021
1143,CIUDAD DE MEXICO,Others,900.0,2021
1144,CIUDAD DE MEXICO,Others,500.0,2021
1145,CIUDAD DE MEXICO,Others,500.0,2021
1146,CIUDAD DE MEXICO,Others,500.0,2021
1147,CIUDAD DE MEXICO,Others,900.0,2021
1148,QUERETARO,Maintenance,1200.0,2021
1149,QUERETARO,Maintenance,1650.0,2021
1150,QUERETARO,Maintenance,1200.0,2021
1151,CIUDAD DE MEXICO,Maintenance,2400.0,2021
1152,QUERETARO,Others,1667.0,2021
1153,QUERETARO,Others,255.0,2021
1154,CIUDAD DE MEXICO,Others,7400.0,2021
1155,SAN LUIS POTOSI,Maintenance,3187.5,2021
1156,ESTADO DE MEXICO,Maintenance,2250.0,2021
1157,ESTADO DE MEXICO,Maintenance,2475.0,2021
1158,ESTADO DE MEXICO,Support,1680.0,2021
1159,QUERETARO,Maintenance,7650.0,2021
1160,CIUDAD DE MEXICO,Others,10000.0,2021
1161,ESTADO DE MEXICO,Maintenance,1275.0,2021
1162,CIUDAD DE MEXICO,Support,9504.0,2021
1163,QUERETARO,Maintenance,1200.0,2021
1164,CIUDAD DE MEXICO,Development,8000.0,2021
1165,CIUDAD DE MEXICO,Maintenance,3187.5,2021
1166,CIUDAD DE MEXICO,Others,900.0,2021
1167,CIUDAD DE MEXICO,Others,900.0,2021
1168,CIUDAD DE MEXICO,Others,900.0,2021
1169,CIUDAD DE MEXICO,Others,500.0,2021
1170,CIUDAD DE MEXICO,Support,1680.0,2021
1171,QUERETARO,Support,1680.0,2021
1172,TAMAULIPAS,Support,1680.0,2021
1173,JALISCO,Support,1680.0,2021
1174,CIUDAD DE MEXICO,Others,1600.0,2021
1175,CIUDAD DE MEXICO,Development,7200.0,2021
1176,QUERETARO,Leasing,1667.0,2021
1177,CIUDAD DE MEXICO,Licensing,2000.0,2021
1178,CIUDAD DE MEXICO,Others,900.0,2021
1179,CIUDAD DE MEXICO,Others,900.0,2021
1180,CIUDAD DE MEXICO,Others,900.0,2021
1181,QUERETARO,Maintenance,3187.5,2021
1182,CIUDAD DE MEXICO,Others,3000.0,2021
1183,CIUDAD DE MEXICO,Development,15000.0,2021
1184,CIUDAD DE MEXICO,Others,500.0,2021
1185,CIUDAD DE MEXICO,Others,900.0,2021
1186,CIUDAD DE MEXICO,Others,900.0,2021
1187,CIUDAD DE MEXICO,Maintenance,1650.0,2021
1188,CIUDAD DE MEXICO,Maintenance,1650.0,2021
1189,QUERETARO,Leasing,255.0,2021
1190,CIUDAD DE MEXICO,Support,1680.0,2021
1191,QUERETARO,Additional Users,5500.0,2021
1192,NUEVO LEON,Maintenance,4125.0,2021
1193,CIUDAD DE MEXICO,Maintenance,8025.0,2021
1194,CIUDAD DE MEXICO,Support,1512.0,2021
1195,NUEVO LEON,Maintenance,3300.0,2021
1196,QUERETARO,Maintenance,1708.5,2021
1197,QUERETARO,Others,85.0,2021
1198,CIUDAD DE MEXICO,Maintenance,8025.0,2021
1199,CIUDAD DE MEXICO,Others,500.0,2021
1200,CIUDAD DE MEXICO,Others,500.0,2021
1201,CIUDAD DE MEXICO,Others,900.0,2021
1202,CIUDAD DE MEXICO,Others,500.0,2021
1203,CIUDAD DE MEXICO,Others,500.0,2021
1204,CIUDAD DE MEXICO,Others,900.0,2021
1205,CIUDAD DE MEXICO,Others,900.0,2021
1206,CIUDAD DE MEXICO,Others,900.0,2021
1207,CIUDAD DE MEXICO,Development,45000.0,2021
1208,CIUDAD DE MEXICO,Support,2880.0,2022
1209,CIUDAD DE MEXICO,Hosting,500.0,2022
1210,SAN LUIS POTOSI,Additional Users,4250.0,2021
1211,CIUDAD DE MEXICO,Support,1512.0,2021
1212,CHIHUAHUA,Maintenance,3300.0,2021
1213,CIUDAD DE MEXICO,Maintenance,1650.0,2021
1214,PUEBLA,Maintenance,4125.0,2021
1215,QUERETARO,Maintenance,1650.0,2021
1216,CIUDAD DE MEXICO,Hosting,900.0,2021
1217,CIUDAD DE MEXICO,Hosting,900.0,2021
1218,CIUDAD DE MEXICO,Hosting,900.0,2021
1219,QUERETARO,Additional Users,5500.0,2021
1220,QUERETARO,Maintenance,1650.0,2021
1221,CIUDAD DE MEXICO,Hosting,500.0,2021
1222,CIUDAD DE MEXICO,Maintenance,9075.0,2021
1223,CIUDAD DE MEXICO,Maintenance,5250.0,2021
1224,CIUDAD DE MEXICO,Maintenance,8250.0,2021
1225,CIUDAD DE MEXICO,Maintenance,3300.0,2021
1226,CIUDAD DE MEXICO,Hosting,750.0,2021
1227,CIUDAD DE MEXICO,Support,1680.0,2022
1228,SAN LUIS POTOSI,Support,2880.0,2022
1229,CIUDAD DE MEXICO,Maintenance,4950.0,2021
1230,CIUDAD DE MEXICO,Support,1512.0,2021
1231,JALISCO,Maintenance,4950.0,2022
1232,QUERETARO,Maintenance,3300.0,2022
1233,QUERETARO,Maintenance,1650.0,2022
1234,QUERETARO,Maintenance,1250.0,2022
1235,QUERETARO,Maintenance,138.0,2022
1236,QUERETARO,Maintenance,3300.0,2022
1237,QUERETARO,Maintenance,1200.0,2022
1238,QUERETARO,Maintenance,6600.0,2022
1239,CIUDAD DE MEXICO,Hosting,900.0,2022
1240,CIUDAD DE MEXICO,Hosting,500.0,2022
1241,CIUDAD DE MEXICO,Hosting,937.93,2022
1242,QUERETARO,Support,1680.0,2022
1243,JALISCO,Maintenance,1912.5,2022
1244,CIUDAD DE MEXICO,Hosting,750.0,2022
1245,QUERETARO,Leasing,255.0,2022
1246,CIUDAD DE MEXICO,Hosting,750.0,2022
1247,CIUDAD DE MEXICO,Support,2880.0,2022
1248,CIUDAD DE MEXICO,Hosting,750.0,2022
1249,CIUDAD DE MEXICO,Hosting,900.0,2022
1250,CIUDAD DE MEXICO,Hosting,500.0,2022
1251,QUERETARO,Leasing,1250.0,2022
1252,CIUDAD DE MEXICO,Maintenance,10200.0,2022
1253,CIUDAD DE MEXICO,Hosting,900.0,2022
1254,CIUDAD DE MEXICO,Hosting,900.0,2022
1255,QUERETARO,Maintenance,1200.0,2022
1256,CIUDAD DE MEXICO,Hosting,900.0,2022
1257,CIUDAD DE MEXICO,Support,1512.0,2022
1258,CIUDAD DE MEXICO,Maintenance,15675.0,2022
1259,QUERETARO,Leasing,1250.0,2022
1260,CIUDAD DE MEXICO,Hosting,500.0,2022
1261,CIUDAD DE MEXICO,Hosting,500.0,2022
1262,CIUDAD DE MEXICO,Maintenance,1912.5,2022
1263,CIUDAD DE MEXICO,Hosting,900.0,2022
1264,CIUDAD DE MEXICO,Hosting,500.0,2022
1265,CIUDAD DE MEXICO,Hosting,900.0,2022
1266,CIUDAD DE MEXICO,Hosting,500.0,2022
1267,CIUDAD DE MEXICO,Hosting,500.0,2022
1268,CIUDAD DE MEXICO,Hosting,900.0,2022
1269,CIUDAD DE MEXICO,Development,2000.0,2022
1270,CIUDAD DE MEXICO,Maintenance,19800.0,2022
1271,CIUDAD DE MEXICO,Maintenance,1912.5,2022
1272,CIUDAD DE MEXICO,Hosting,500.0,2022
1273,CIUDAD DE MEXICO,Hosting,500.0,2022
1274,CIUDAD DE MEXICO,Maintenance,17325.0,2022
1275,QUERETARO,Maintenance,1650.0,2022
1276,QUERETARO,Support,1680.0,2022
1277,QUERETARO,Leasing,1250.0,2022
1278,CIUDAD DE MEXICO,Hosting,900.0,2022
1279,ESTADO DE MEXICO,Maintenance,3300.0,2022
1280,NUEVO LEON,Maintenance,3300.0,2022
1281,NUEVO LEON,Support,1680.0,2022
1282,QUERETARO,Maintenance,3300.0,2022
1283,CIUDAD DE MEXICO,Hosting,773.28,2022
1284,CIUDAD DE MEXICO,Support,2592.0,2022
1285,CIUDAD DE MEXICO,Hosting,900.0,2022
1286,QUERETARO,Maintenance,3300.0,2022
1287,QUERETARO,Maintenance,3300.0,2022
1288,CIUDAD DE MEXICO,Maintenance,3300.0,2022
1289,QUERETARO,Leasing,1250.0,2022
1290,CIUDAD DE MEXICO,Hosting,500.0,2022
1291,CIUDAD DE MEXICO,Hosting,900.0,2022
1292,TAMAULIPAS,Hosting,900.0,2022
1293,CIUDAD DE MEXICO,Hosting,900.0,2022
1294,CIUDAD DE MEXICO,Support,2592.0,2022
1295,CIUDAD DE MEXICO,Hosting,500.0,2022
1296,SAN LUIS POTOSI,Maintenance,3825.0,2022
1297,CIUDAD DE MEXICO,Hosting,500.0,2022
1298,CIUDAD DE MEXICO,Hosting,500.0,2022
1299,QUERETARO,Maintenance,1200.0,2022
1300,ESTADO DE MEXICO,Maintenance,1275.0,2022
1301,QUERETARO,Leasing,255.0,2022
1302,CIUDAD DE MEXICO,Hosting,900.0,2022
1303,CIUDAD DE MEXICO,Hosting,750.0,2022
1304,CIUDAD DE MEXICO,Hosting,500.0,2022
1305,CIUDAD DE MEXICO,Hosting,500.0,2022
1306,CIUDAD DE MEXICO,Hosting,500.0,2022
1307,QUERETARO,Leasing,1250.0,2022
1308,CIUDAD DE MEXICO,Support,1680.0,2022
1309,CIUDAD DE MEXICO,Hosting,500.0,2022
1310,ESTADO DE MEXICO,Maintenance,2250.0,2022
1311,ESTADO DE MEXICO,Maintenance,2475.0,2022
1312,QUERETARO,Leasing,1250.0,2022
1313,QUERETARO,Commissions,273.4,2022
1314,CIUDAD DE MEXICO,Hosting,500.0,2022
1315,CIUDAD DE MEXICO,Hosting,900.0,2022
1316,CIUDAD DE MEXICO,Hosting,500.0,2022
1317,CIUDAD DE MEXICO,Hosting,900.0,2022
1318,CIUDAD DE MEXICO,Hosting,900.0,2022
1319,ESTADO DE MEXICO,Licensing,8250.0,2022
1320,QUERETARO,Maintenance,1200.0,2022
1321,SAN LUIS POTOSI,Additional Users,4250.0,2022
1322,CIUDAD DE MEXICO,Hosting,500.0,2022
1323,QUERETARO,Support,1680.0,2022
1324,CIUDAD DE MEXICO,Hosting,900.0,2022
1325,QUERETARO,Leasing,1250.0,2022
1326,CIUDAD DE MEXICO,Maintenance,3187.5,2022
1327,CIUDAD DE MEXICO,Hosting,900.0,2022
1328,CIUDAD DE MEXICO,Hosting,900.0,2022
1329,CIUDAD DE MEXICO,Hosting,900.0,2022
1330,QUERETARO,Maintenance,1200.0,2022
1331,ESTADO DE MEXICO,Licensing,8250.0,2022
1332,QUERETARO,Leasing,1335.0,2022
1333,CIUDAD DE MEXICO,Maintenance,8025.0,2022
1334,NUEVO LEON,Support,2880.0,2022
1335,QUERETARO,Maintenance,3187.5,2022
1336,QUERETARO,Leasing,170.0,2022
1337,ESTADO DE MEXICO,Support,1948.0,2022
1338,QUERETARO,Maintenance,3825.0,2022
1339,ESTADO DE MEXICO,Maintenance,3300.0,2022
1340,QUERETARO,Leasing,1250.0,2022
